{"Progress": 63, "ot_epoch": 63, "_timestamp": 1743303909.852168, "_runtime": 995.4620471000671, "_step": 6550, "InnerLoop/loss": 249.57004928588867, "Expert/inner/top1": 54.6875, "Expert/inner/top5": 92.236328125, "Expert/inner/loss": 1.3793685510754585, "inner_epoch": 6360, "Expert/top1": 49.951171875, "Expert/top5": 90.52734375, "Expert/loss": 1.4870276786386967, "MatchLoss": 23.57559178829193, "_wandb": {"runtime": 994}}