{"Progress": 0, "ot_epoch": 0, "_timestamp": 1743304616.930912, "_runtime": 4.936537981033325, "_step": 0, "_wandb": {"runtime": 4}}