{"Progress": 0, "ot_epoch": 0, "_timestamp": 1743308601.4766471, "_runtime": 74.41299724578857, "_step": 0, "_wandb": {"runtime": 77}}