{"Progress": 0, "ot_epoch": 0, "_timestamp": 1743304636.0279434, "_runtime": 4.872633457183838, "_step": 0, "_wandb": {"runtime": 4}}