{"Progress": 1, "ot_epoch": 1, "_timestamp": 1743308453.339575, "_runtime": 33.5359890460968, "_step": 184, "InnerLoop/loss": 298.02445793151855, "Expert/inner/top1": 51.123046875, "Expert/inner/top5": 89.208984375, "Expert/inner/loss": 1.4559495002031326, "inner_epoch": 180, "Expert/top1": 51.7578125, "Expert/top5": 89.501953125, "Expert/loss": 1.4580545835196972, "MatchLoss": 49.412445158958434}