{"Progress": 0, "ot_epoch": 0, "_timestamp": 1743304739.6735995, "_runtime": 4.931103467941284, "_step": 0, "_wandb": {"runtime": 4}}