{"Progress": 0, "ot_epoch": 0, "_timestamp": 1743304538.4041383, "_runtime": 4.981948375701904, "_step": 0, "_wandb": {"runtime": 4}}